{"count":1,"gauges":{"MonkeyLearning.CumulativeReward":{"count":3,"max":-5.1114006,"min":-5.20340252,"value":-5.20340252,"weightedAverage":-5.156114}},"self":112.6648448,"total":112.70369699999999,"children":{"AgentSendState":{"count":2396,"self":0.013920499999999999,"total":0.0179134,"children":{"CollectObservations":{"count":480,"self":0.0039929,"total":0.0039929,"children":null}}},"DecideAction":{"count":2396,"self":0.0029974999999999997,"total":0.0029974999999999997,"children":null},"AgentAct":{"count":2396,"self":0.0169434,"total":0.0169434,"children":null}}}