{"count":1,"gauges":{"MonkeyLearning.CumulativeReward":{"count":7,"max":9.9352,"min":9.804398,"value":9.804398,"weightedAverage":9.883108}},"self":85.4898944,"total":86.6487303,"children":{"AgentSendState":{"count":4281,"self":0.039937099999999996,"total":0.0599433,"children":{"CollectObservations":{"count":6856,"self":0.0200062,"total":0.0200062,"children":null}}},"DecideAction":{"count":4281,"self":0.94408229999999993,"total":0.9979939,"children":{"RayPerceptionSensor.Perceive":{"count":857,"self":0.0539116,"total":0.0539116,"children":null}}},"AgentAct":{"count":4281,"self":0.099898699999999993,"total":0.099898699999999993,"children":null}}}