{"count":1,"gauges":{"MonkeyLearning.CumulativeReward":{"count":20,"max":9.9162,"min":-5.136601,"value":9.9072,"weightedAverage":3.80622268}},"self":126.45043199999999,"total":128.1777251,"children":{"AgentSendState":{"count":6372,"self":0.0968298,"total":0.138785,"children":{"CollectObservations":{"count":10200,"self":0.0419552,"total":0.0419552,"children":null}}},"DecideAction":{"count":6372,"self":1.3144892,"total":1.3779784,"children":{"RayPerceptionSensor.Perceive":{"count":1275,"self":0.0634892,"total":0.0634892,"children":null}}},"AgentAct":{"count":6372,"self":0.20853529999999998,"total":0.20853529999999998,"children":null}}}