{"count":1,"gauges":{"MonkeyLearning.CumulativeReward":{"count":14,"max":4.9594,"min":-1.06399989,"value":-1.0486,"weightedAverage":0.923159838}},"self":65.407264,"total":66.283751999999993,"children":{"AgentSendState":{"count":3278,"self":0.0270165,"total":0.0310292,"children":{"CollectObservations":{"count":656,"self":0.0040127,"total":0.0040127,"children":null}}},"DecideAction":{"count":3278,"self":0.80244799999999994,"total":0.8154475,"children":{"RayPerceptionSensor.Perceive":{"count":1312,"self":0.012999499999999999,"total":0.012999499999999999,"children":null}}},"AgentAct":{"count":3278,"self":0.0289979,"total":0.0289979,"children":null}}}