{"count":1,"gauges":{"MonkeyLearning.CumulativeReward":{"count":5,"max":9.961,"min":-5.0494,"value":9.961,"weightedAverage":8.371959}},"self":25.6989952,"total":26.0410661,"children":{"AgentSendState":{"count":1272,"self":0.010991899999999999,"total":0.012993399999999999,"children":{"CollectObservations":{"count":255,"self":0.0020015,"total":0.0020015,"children":null}}},"DecideAction":{"count":1272,"self":0.3090976,"total":0.3150964,"children":{"RayPerceptionSensor.Perceive":{"count":255,"self":0.0059987999999999994,"total":0.0059987999999999994,"children":null}}},"AgentAct":{"count":1272,"self":0.011982,"total":0.011982,"children":null}}}