{"count":1,"gauges":{},"self":11.799083999999999,"total":11.8353193,"children":{"AgentSendState":{"count":573,"self":0.013113,"total":0.0151106,"children":{"CollectObservations":{"count":115,"self":0.0019976,"total":0.0019976,"children":null}}},"DecideAction":{"count":573,"self":0.0049813999999999995,"total":0.0049813999999999995,"children":null},"AgentAct":{"count":573,"self":0.0151484,"total":0.0151484,"children":null}}}