{"count":1,"gauges":{"MonkeyLearning.CumulativeReward":{"count":38617,"max":9.9652,"min":-5.16580153,"value":9.961,"weightedAverage":4.52033567}},"self":1039.365632,"total":2775.1398337,"children":{"AgentSendState":{"count":1250201,"self":55.2262208,"total":173.8747187,"children":{"CollectObservations":{"count":2000328,"self":15.800398399999999,"total":15.8003982,"children":null},"AgentInfo.ToProto":{"count":2000328,"self":23.6505616,"total":102.848102,"children":{"GenerateSensorData":{"count":2000328,"self":38.544447999999996,"total":79.1975408,"children":{"RayPerceptionSensor.Perceive":{"count":2000328,"self":40.6530944,"total":40.653093399999996,"children":null}}}}}}},"DecideAction":{"count":1250201,"self":1499.6530175999999,"total":1499.6529813,"children":null},"AgentAct":{"count":1250201,"self":59.4565184,"total":59.456519,"children":null},"AgentInfo.ToProto":{"count":38617,"self":0.66763719999999993,"total":2.7889654999999998,"children":{"GenerateSensorData":{"count":38617,"self":0.9989093,"total":2.1213283,"children":{"RayPerceptionSensor.Perceive":{"count":38617,"self":1.122419,"total":1.122419,"children":null}}}}}}}