{"count":1,"gauges":{"MonkeyLearning.CumulativeReward":{"count":17,"max":9.962,"min":9.9504,"value":9.9568,"weightedAverage":9.958395}},"self":74.6696384,"total":75.642755999999991,"children":{"AgentSendState":{"count":3752,"self":0.03698,"total":0.0570165,"children":{"CollectObservations":{"count":6008,"self":0.0200365,"total":0.0200365,"children":null}}},"DecideAction":{"count":3752,"self":0.8030546,"total":0.82905089999999992,"children":{"RayPerceptionSensor.Perceive":{"count":751,"self":0.0259963,"total":0.0259963,"children":null}}},"AgentAct":{"count":3752,"self":0.0860514,"total":0.0860514,"children":null}}}